{
"tables_sprint4":["BRWR_CRDT_SCR_STGG","BRWR_EMPR_STGG","BRWR_ETHCY_ORGN_STGG","BRWR_ETHCY_STGG","BRWR_HMDA_RACE_STGG","BRWR_RACE_DSGNTN_STGG","BRWR_RACE_STGG","BRWR_STGG","SELR_SRVR_DIM_STGG","TRAN_DIM_STGG","BRWR_ADR_STGG","LN_STGG","LN_CLSNG_COST_STGG","LN_DW_PMT_STGG","LN_ESCR_ITM_DTL_STGG","LN_IRTA_RL_STGG","LN_RLTD_LIEN_STGG","LN_SRP_PRCG_STGG","LN_SPCL_FEAT_STGG","PROP_STGG","TRAN_TXT_STGG","FILE_PREPR_STGG","CASH_LN_FEE_STGG","CMMT_FUTR_FEAT_STGG","CMMT_SPCL_FEAT_STGG","CMMT_STGG","LN_PRC_ADJM_STGG","LN_PIPA_RL_STGG","MBS_LN_STGG","MBS_POOL_PARM_STGG","MBS_POOL_PRTY_STGG","MBS_POOL_STGG"],

"tables":["BRWR_ADR_STGG","BRWR_CRDT_SCR_STGG","BRWR_EMPR_STGG","BRWR_ENRCHMT_CRDT_SCR_STGG","BRWR_ENRCHMT_STGG","BRWR_ETHCY_ORGN_STGG","BRWR_ETHCY_STGG","BRWR_HMDA_RACE_STGG","BRWR_RACE_DSGNTN_STGG","BRWR_RACE_STGG","BRWR_STGG","CASH_LN_SELR_SUP_STGG","LN_SELR_SUP_STGG","CMMT_ENRCHMT_PTR_STGG","CMMT_ENRCHMT_STGG","CMMT_FUTR_FEAT_STGG","CMMT_SPCL_FEAT_STGG","CMMT_STGG","DATA_ENRCHMT_FINDG_STGG","DLRY_DL_BRWR_CLCD_VAL_STGG","DLRY_DL_ELIG_CLCD_VAL_STGG","DL_ELIG_ED_ADDL_STGG","DLRY_DL_ELIG_ED_STGG","DLRY_DL_ELIG_ERR_STGG","DLRY_DL_ELIG_STGG","DLRY_DL_IMP_ERR_STGG","DLRY_DL_IMP_STGG","DLRY_DLSET_ELIG_CLCD_VAL_STGG","DLSET_ELIG_ED_ADDL_STGG","DLRY_DLSET_ELIG_ED_STGG","DLRY_DLSET_ELIG_ERR_STGG","DLRY_DLSET_ELIG_STGG","DLRY_DLSET_IMP_ERR_STGG","DLRY_DLSET_IMP_STGG","DLRY_FILE_ELIG_ERR_STGG","DLRY_FILE_IMP_ERR_STGG","DLRY_FILE_IMP_STGG","FILE_PREPR_STGG","LN_CLSNG_COST_STGG","LN_DEL_STGG","LN_DW_PMT_STGG","LN_ENRCHMT_CFILE_INST_STGG","LN_ENRCHMT_DOCM_STGG","LN_ENRCHMT_ESCR_ITM_DTL_STGG","LN_ENRCHMT_IRTA_STGG","LN_ENRCHMT_PPITM_STGG","LN_ENRCHMT_PRCG_PRDC_STGG","LN_ENRCHMT_PROTN_ITM_STGG","LN_ENRCHMT_SPCL_FEAT_STGG","LN_ESCR_ITM_DTL_STGG","LN_HILTV_REFI_XCLU_STGG","LN_IRTA_RL_STGG","LN_MDFD_ORIG_IRTA_RL_STGG","LN_PRTY_STGG","LN_PRC_ADJM_STGG","LN_PIPA_RL_STGG","LN_RLTD_LIEN_STGG","LN_SRP_PRCG_STGG","LN_SPCL_FEAT_STGG","LN_STGG","LN_XFER_STGG","MBS_LN_SELR_SUP_STGG","MBS_MJR_POOL_PARM_STGG","MBS_MJR_POOL_STGG","MBS_POOL_AUXL_STGG","MBS_POOL_CRTN_STGG","MBS_POOL_FUTR_FEAT_STGG","MBS_POOL_PARM_STGG","MBS_POOL_PRTY_STGG","MBS_POOL_SELR_SUP_STGG","MBS_POOL_STGG","MBS_POOL_WRG_INSC_STGG","PROP_APPR_MSG_ENRCHMT_STGG","PROP_STGG","RL_ED_TYP_STGG","SELR_SRVR_DIM_STGG","TRAN_DIM_STGG","TRAN_TXT_STGG","LN_PROP_ENRCHMT_STGG"]
,
"data": [
  {
        "prcs_excn_log_id":20201013164318552,
        "s3_paths": ["land/cin/dflt/DSET000001/LDNG_Message/WHOLE_LOAN_LOAN_DELIVERY_SUBMIT_02b28153c82f480c95254ffb7aa1d4b1.txt","land/cin/dflt/DSET000001/LDNG_Message/WHOLE_LOAN_LOAN_DELIVERY_SUBMIT_8931ed76342241a7af95e675bd0fef7f.txt","land/cin/dflt/DSET000001/LDNG_Message/WHOLE_LOAN_LOAN_DELIVERY_SUBMIT_b68ae721a32541c284c7a874cf42ce53.txt"]
  },
  {
        "prcs_excn_log_id":20201013164318553,
        "s3_paths": ["land/cin/dflt/DSET000001/LDNG_Message/WHOLE_LOAN_LOAN_DELIVERY_SUBMIT_02b28153c82f480c95254ffb7aa1d4b1.txt","land/cin/dflt/DSET000001/LDNG_Message/WHOLE_LOAN_LOAN_DELIVERY_SUBMIT_8931ed76342241a7af95e675bd0fef7f.txt","land/cin/dflt/DSET000001/LDNG_Message/WHOLE_LOAN_LOAN_DELIVERY_SUBMIT_b68ae721a32541c284c7a874cf42ce53.txt"]
  }
]
}