{
"BRWR_ADR_FACT":"insight/crs/dflt/DSET00008663/src",
"BRWR_CRDT_SCR_FACT":"insight/crs/dflt/DSET00008664/src",
"BRWR_EMPR_FACT":"insight/cin/dflt/DSET00008665/src",
"BRWR_ENRCHMT_CRDT_SCR_FACT":"insight/crs/dflt/DSET00008666/src",
"BRWR_ENRCHMT_FACT":"insight/chr/dflt/DSET00008667/src",
"BRWR_ETHCY_FACT":"insight/cin/dflt/DSET00008668/src",
"BRWR_ETHCY_ORGN_FACT":"insight/cin/dflt/DSET00008669/src",
"BRWR_FACT":"insight/chr/dflt/DSET00008670/src",
"BRWR_HMDA_RACE_FACT":"insight/cin/dflt/DSET00008671/src",
"BRWR_NTFN_RPTG":"insight/crs/dflt/DSET00008672/src",
"BRWR_NTFN_RTRN_DTL":"insight/crs/dflt/DSET00008673/src",
"BRWR_RACE_FACT":"insight/cin/dflt/DSET00008674/src",
"BRWR_SWAP_REF_TBL":"insight/cin/dflt/DSET00008675/src",
"BRWR_UCD_FACT":"insight/crs/dflt/DSET00008676/src",
"CFILE_UCD_LTST_RLSP_SPST":"insight/cin/dflt/DSET00008677/src",
"CFILE_UCD_LTST_XFER_SPST":"insight/cin/dflt/DSET00008678/src",
"CFILE_UCD_RLSP_FACT":"insight/cin/dflt/DSET00008679/src",
"CFILE_UCD_XFER_FACT":"insight/cin/dflt/DSET00008680/src",
"CASH_DLRY_INSC_PYE_CD_DTL":"insight/crs/dflt/DSET00008681/src",
"CASH_LN_FACT":"insight/crs/dflt/DSET00008682/src",
"CASH_LN_FEE_FACT":"insight/cin/dflt/DSET00008683/src",
"CASH_LN_SELR_SUP_FACT":"insight/crs/dflt/DSET00008684/src",
"CMMT_ENRCHMT_FACT":"insight/crs/dflt/DSET00008685/src",
"CMMT_ENRCHMT_PTR_FACT":"insight/cin/dflt/DSET00008686/src",
"CMMT_FACT":"insight/cin/dflt/DSET00008687/src",
"CMMT_FUTR_FEAT_FACT":"insight/cin/dflt/DSET00008688/src",
"CMMT_SPCL_FEAT_FACT":"insight/cin/dflt/DSET00008689/src",
"DATA_ENRCHMT_FINDG_FACT":"insight/cin/dflt/DSET00008690/src",
"DL_BRWR_CLCD_VAL_FACT":"insight/cin/dflt/DSET00008691/src",
"DL_ED_ERL_FNDG_FST_SPST":"insight/cin/dflt/DSET00008692/src",
"DL_ED_ERL_FNDG_LTST_SPST":"insight/cin/dflt/DSET00008693/src",
"DL_ED_FST_SPST":"insight/cin/dflt/DSET00008694/src",
"DL_ED_LTST_SPST":"insight/cin/dflt/DSET00008695/src",
"DL_ELIG_CLCD_VAL_FACT":"insight/cin/dflt/DSET00008696/src",
"DL_ELIG_ED_ADDL_FACT":"insight/cin/dflt/DSET00008697/src",
"DL_ELIG_ED_FACT":"insight/cin/dflt/DSET00008698/src",
"DL_ELIG_ERR_FACT":"insight/cin/dflt/DSET00008699/src",
"DL_ELIG_FACT":"insight/cin/dflt/DSET00008700/src",
"DL_IMP_ERR_FACT":"insight/cin/dflt/DSET00008701/src",
"DL_IMP_FACT":"insight/cin/dflt/DSET00008702/src",
"DLSET_ED_FST_SPST":"insight/cin/dflt/DSET00008703/src",
"DLSET_ED_LTST_SPST":"insight/cin/dflt/DSET00008704/src",
"DLSET_ELIG_CLCD_VAL_FACT":"insight/cin/dflt/DSET00008705/src",
"DLSET_ELIG_ED_ADDL_FACT":"insight/cin/dflt/DSET00008706/src",
"DLSET_ELIG_ED_FACT":"insight/cin/dflt/DSET00008707/src",
"DLSET_ELIG_ERR_FACT":"insight/cin/dflt/DSET00008708/src",
"DLSET_ELIG_FACT":"insight/cin/dflt/DSET00008709/src",
"DLSET_IMP_ERR_FACT":"insight/cin/dflt/DSET00008710/src",
"DLSET_IMP_FACT":"insight/cin/dflt/DSET00008711/src",
"FILE_ELIG_ERR_FACT":"insight/cin/dflt/DSET00008712/src",
"FILE_IMP_ERR_FACT":"insight/cin/dflt/DSET00008713/src",
"FILE_IMP_FACT":"insight/cin/dflt/DSET00008714/src",
"LN_AQSN_LTST_SPST":"insight/crs/dflt/DSET00008715/src",
"LN_CRTFN_FACT":"insight/crs/dflt/DSET00008716/src",
"LN_CLSNG_COST_FACT":"insight/cin/dflt/DSET00008717/src",
"LN_DATA_FST_SPST":"insight/crs/dflt/DSET00008718/src",
"LN_DATA_LTST_SPST":"insight/crs/dflt/DSET00008719/src",
"LN_DATA_LINEG_SPST":"insight/crs/dflt/DSET00008720/src",
"LN_DLRD_DTL_RPTG":"insight/crs/dflt/DSET00008721/src",
"LN_DU_CFILE_SMSS_FACT":"insight/cin/dflt/DSET00008722/src",
"LN_DU_CFILE_SMSS_SPST":"insight/cin/dflt/DSET00008723/src",
"LN_DW_PMT_FACT":"insight/cin/dflt/DSET00008724/src",
"LN_ENRCHMT_CFILE_INST_FACT":"insight/crs/dflt/DSET00008725/src",
"LN_ENRCHMT_DOCM_FACT":"insight/cin/dflt/DSET00008726/src",
"LN_ENRCHMT_ESCR_ITM_DTL_FACT":"insight/cin/dflt/DSET00008727/src",
"LN_ENRCHMT_FACT":"insight/crs/dflt/DSET00008728/src",
"LN_ENRCHMT_IRTA_FACT":"insight/cin/dflt/DSET00008729/src",
"LN_ENRCHMT_PPITM_FACT":"insight/cin/dflt/DSET00008730/src",
"LN_ENRCHMT_PRCG_PRDC_FACT":"insight/cin/dflt/DSET00008731/src",
"LN_ENRCHMT_PROTN_ITM_FACT":"insight/cin/dflt/DSET00008732/src",
"LN_ENRCHMT_SPCL_FEAT_FACT":"insight/cin/dflt/DSET00008733/src",
"LN_ESCR_ITM_DTL_FACT":"insight/cin/dflt/DSET00008734/src",
"LN_FINDG_MSG_TXT_DTL":"insight/cin/dflt/DSET00008735/src",
"LN_FUTR_FEAT_FACT":"insight/cin/dflt/DSET00008736/src",
"LN_HILTV_REFI_XCLU_FACT":"insight/cin/dflt/DSET00008737/src",
"LN_IRTA_RL_FACT":"insight/cin/dflt/DSET00008738/src",
"LN_LMT_ENRCHMT_FACT":"insight/cin/dflt/DSET00008739/src",
"LN_MDFD_ORIG_IRTA_RL_FACT":"insight/cin/dflt/DSET00008740/src",
"LN_NDC_DTL":"insight/crs/dflt/DSET00008741/src",
"LN_PRTY_FACT":"insight/crs/dflt/DSET00008742/src",
"LN_POST_DVS_RPT_CFILE_DTL":"insight/cin/dflt/DSET00008743/src",
"LN_POST_DVS_RPT_CFILE_RPTG":"insight/cin/dflt/DSET00008744/src",
"LN_PRE_DVS_RPT_BEMP_DTL":"insight/crs/dflt/DSET00008745/src",
"LN_PRE_DVS_RPT_BEMP_RPTG":"insight/crs/dflt/DSET00008746/src",
"LN_PRE_DVS_RPT_BEMP_SMRY":"insight/cin/dflt/DSET00008747/src",
"LN_PRE_DVS_RPT_BINC_DTL":"insight/crs/dflt/DSET00008748/src",
"LN_PRE_DVS_RPT_BINC_RPTG":"insight/crs/dflt/DSET00008749/src",
"LN_PRE_DVS_RPT_BINC_SMRY":"insight/cin/dflt/DSET00008750/src",
"LN_PRE_DVS_RPT_CFILE_BRWR":"insight/crs/dflt/DSET00008751/src",
"LN_PRE_DVS_RPT_CFILE_DTL":"insight/crs/dflt/DSET00008752/src",
"LN_PRE_DVS_RPT_CFILE_RPTG":"insight/crs/dflt/DSET00008753/src",
"LN_PRE_DVS_RPT_CFILE_SMRY":"insight/crs/dflt/DSET00008754/src",
"LN_PRC_ADJM_FACT":"insight/cin/dflt/DSET00008755/src",
"LN_PIPA_RL_FACT":"insight/cin/dflt/DSET00008756/src",
"LN_RLTD_LIEN_FACT":"insight/crs/dflt/DSET00008757/src",
"LN_SRP_PRCG_FACT":"insight/cin/dflt/DSET00008758/src",
"LN_SPCL_FEAT_FACT":"insight/cin/dflt/DSET00008759/src",
"LN_XFER_FACT":"insight/cin/dflt/DSET00008760/src",
"LN_UASGD_FACT":"insight/crs/dflt/DSET00008761/src",
"LN_UCD_AUTOD_UWRG_FACT":"insight/cin/dflt/DSET00008762/src",
"LN_UCD_CTCL_ITM_FACT":"insight/cin/dflt/DSET00008763/src",
"LN_UCD_CLSNG_ADJM_ITM_FACT":"insight/cin/dflt/DSET00008764/src",
"LN_UCD_CLSNG_COST_FACT":"insight/cin/dflt/DSET00008765/src",
"LN_UCD_DU_DTAST_FACT":"insight/crs/dflt/DSET00008766/src",
"LN_UCD_DSCL_FACT":"insight/cin/dflt/DSET00008767/src",
"LN_UCD_ESCR_ITM_FACT":"insight/cin/dflt/DSET00008768/src",
"LN_UCD_ESTD_PCOST_FACT":"insight/cin/dflt/DSET00008769/src",
"LN_UCD_FACT":"insight/cin/dflt/DSET00008770/src",
"LN_UCD_FEE_DTL_FACT":"insight/cin/dflt/DSET00008771/src",
"LN_UCD_FEE_INFO_FACT":"insight/crs/dflt/DSET00008772/src",
"LN_UCD_FINDG_FACT":"insight/cin/dflt/DSET00008773/src",
"LN_UCD_IRTA_RL_FACT":"insight/cin/dflt/DSET00008774/src",
"LN_UCD_LTE_CHRG_RL_FACT":"insight/cin/dflt/DSET00008775/src",
"LN_UCD_LTST_SPST_FACT":"insight/cin/dflt/DSET00008776/src",
"LN_UCD_LIAB_FACT":"insight/crs/dflt/DSET00008777/src",
"LN_UCD_PPAID_ITM_FACT":"insight/crs/dflt/DSET00008778/src",
"LN_UCD_PIP_ADJM_RL_FACT":"insight/cin/dflt/DSET00008779/src",
"LN_UCD_PRJD_PMT_FACT":"insight/cin/dflt/DSET00008780/src",
"LN_UCD_PROTN_ITM_FACT":"insight/cin/dflt/DSET00008781/src",
"LN_VRNC_ED_FACT":"insight/cin/dflt/DSET00008782/src",
"LN_VRNC_FACT":"insight/cin/dflt/DSET00008783/src",
"LN_VRNC_STAT_FACT":"insight/cin/dflt/DSET00008784/src",
"MBS_LN_FACT":"insight/crs/dflt/DSET00008785/src",
"MBS_LN_SELR_SUP_FACT":"insight/cin/dflt/DSET00008786/src",
"MBS_MJR_POOL_FACT":"insight/crs/dflt/DSET00008787/src",
"MBS_MJR_POOL_PARM_FACT":"insight/cin/dflt/DSET00008788/src",
"MBS_MJR_POOL_SELR_FACT":"insight/cin/dflt/DSET00008789/src",
"MBS_POOL_AUXL_FACT":"insight/cin/dflt/DSET00008790/src",
"MBS_POOL_CRTN_FACT":"insight/crs/dflt/DSET00008791/src",
"MBS_POOL_ERR_DTL_FACT":"insight/cin/dflt/DSET00008792/src",
"MBS_POOL_FACT":"insight/crs/dflt/DSET00008793/src",
"MBS_POOL_FUTR_FEAT_FACT":"insight/cin/dflt/DSET00008794/src",
"MBS_POOL_PARM_FACT":"insight/cin/dflt/DSET00008795/src",
"MBS_POOL_PRTY_FACT":"insight/cin/dflt/DSET00008796/src",
"MBS_POOL_PRFX_PRAQN_FACT":"insight/cin/dflt/DSET00008797/src",
"MBS_POOL_SELR_SUP_FACT":"insight/crs/dflt/DSET00008798/src",
"MBS_POOL_WRG_INSC_FACT":"insight/crs/dflt/DSET00008799/src",
"MDTA_TBL_RCVY":"insight/cin/dflt/DSET00008800/src",
"PRTY_HIER_DELTA":"insight/cin/dflt/DSET00008801/src",
"PRTY_HIER_LTST_SPST":"insight/crs/dflt/DSET00008802/src",
"PRTY_LCNS_UCD_FACT":"insight/cin/dflt/DSET00008803/src",
"PRTY_UCD_FACT":"insight/crs/dflt/DSET00008804/src",
"PROP_APPR_ENRCHMT_FACT":"insight/crs/dflt/DSET00008805/src",
"PROP_APPR_MSG_ENRCHMT_FACT":"insight/cin/dflt/DSET00008806/src",
"PROP_ENRCHMT_FACT":"insight/crs/dflt/DSET00008807/src",
"PROP_FACT":"insight/chr/dflt/DSET00008808/src",
"PROP_UCD_FACT":"insight/crs/dflt/DSET00008809/src",
"RL_CASH_DLRY_FACT":"insight/cin/dflt/DSET00008810/src",
"RL_DATA_QLTY_MDTA":"insight/cin/dflt/DSET00008811/src",
"RL_EXCP_DTL":"insight/cin/dflt/DSET00008812/src",
"RL_EXCP_SMRY":"insight/cin/dflt/DSET00008813/src",
"SELR_CBFCT_ACVY_FACT":"insight/crs/dflt/DSET00008814/src",
"TRAN_BUS_EVNT_DELTA":"insight/cin/dflt/DSET00008815/src",
"LN_DLRD_DTL_FACT":"insight/crs/dflt/DSET00008816/src",
"BRWR_ETHCY_ORGN_DIM":"insight/cin/dflt/DSET00008817/src",
"BRWR_ETHCY_DIM":"insight/cin/dflt/DSET00008818/src",
"RL_ED_DESC_DIM":"insight/cin/dflt/DSET00008819/src",
"TRAN_TXT_DIM":"insight/cin/dflt/DSET00008820/src",
"BUS_RPTG_EXCP_DIM":"insight/cin/dflt/DSET00008821/src",
"LN_DLRY_ED_DIM":"insight/cin/dflt/DSET00008822/src",
"BRWR_NTFN_VNDR_TYP_DIM":"insight/cin/dflt/DSET00008823/src",
"DT_DIM":"insight/cin/dflt/DSET00008824/src",
"BRWR_RACE_DIM":"insight/cin/dflt/DSET00008825/src",
"SRC_SRVC_DIM":"insight/cin/dflt/DSET00008826/src",
"DATA_ENRCHMT_FINDG_DIM":"insight/cin/dflt/DSET00008827/src",
"PRTY_HIER_DIM":"insight/cin/dflt/DSET00008828/src",
"FILE_IMP_DIM":"insight/cin/dflt/DSET00008829/src",
"LN_FEE_TYP_DIM":"insight/cin/dflt/DSET00008830/src",
"TRAN_DIM":"insight/cin/dflt/DSET00008831/src",
"TRAN_DIM_STGG":"insight/cin/dflt/DSET00008831/src",
"LN_ETX_IASMT_CMTYP_DIM":"insight/cin/dflt/DSET00008832/src",
"LN_LTE_CHRG_TYP_DIM":"insight/cin/dflt/DSET00008833/src",
"LN_MBS_POOL_ERR_CD_DIM":"insight/cin/dflt/DSET00008834/src",
"PRTY_ROLE_TYP_DIM":"insight/cin/dflt/DSET00008835/src",
"LN_ORGR_TYP_DIM":"insight/cin/dflt/DSET00008836/src",
"RL_ED_AQSN_DIM":"insight/cin/dflt/DSET00008837/src",
"SELR_SRVR_DIM":"insight/cin/dflt/DSET00008838/src",
"SELR_SRVR_DIM_STGG":"insight/cin/dflt/DSET00008838/src",
"GEO_LOCN_ADR_TYP_DIM":"insight/cin/dflt/DSET00008839/src",
"BRWR_GRP_LIAB_TYP_DIM":"insight/cin/dflt/DSET00008840/src",
"BRWR_CLSFN_TYP_DIM":"insight/cin/dflt/DSET00008841/src",
"LN_PMT_FRQY_TYP_DIM":"insight/cin/dflt/DSET00008842/src",
"LN_CMMT_TYP_DIM":"insight/cin/dflt/DSET00008843/src",
"LN_IDSCL_SECT_TYP_DIM":"insight/cin/dflt/DSET00008844/src",
"LN_CC_PPAID_ITM_TYP_DIM":"insight/cin/dflt/DSET00008845/src",
"PRTY_INST_TYP_DIM":"insight/cin/dflt/DSET00008846/src",
"LN_CC_FNDS_TYP_DIM":"insight/cin/dflt/DSET00008847/src",
"DOC_CSTDN_DIM":"insight/cin/dflt/DSET00008848/src",
"LN_MI_CO_NME_TYP_DIM":"insight/cin/dflt/DSET00008849/src",
"CMMT_SPCL_PRCG_TYP_DIM":"insight/cin/dflt/DSET00008850/src",
"MBS_LN_ED_STAT_TYP_DIM":"insight/cin/dflt/DSET00008851/src",
"MBS_TYP_DIM":"insight/cin/dflt/DSET00008852/src",
"PROP_GEOC_CNSUS_MSA_DIM":"insight/cin/dflt/DSET00008853/src",
"PROP_VALU_MTHD_TYP_DIM":"insight/cin/dflt/DSET00008854/src",
"CRDT_RPOS_SRC_TYP_DIM":"insight/cin/dflt/DSET00008855/src",
"LN_PRIM_MI_ARSN_TYP_DIM":"insight/cin/dflt/DSET00008856/src",
"LN_EXCN_TYP_DIM":"insight/cin/dflt/DSET00008857/src",
"LN_GRTR_TYP_DIM":"insight/cin/dflt/DSET00008858/src",
"RL_ED_TYP_DIM":"insight/cin/dflt/DSET00008859/src",
"LN_REFI_PGM_TYP_DIM":"insight/cin/dflt/DSET00008860/src",
"MBS_INT_RT_RNDG_TYP_DIM":"insight/cin/dflt/DSET00008861/src",
"MBS_MJR_POOL_DIM":"insight/cin/dflt/DSET00008862/src",
"LN_ACTN_TYP_DIM":"insight/cin/dflt/DSET00008863/src",
"EVNT_DIM":"insight/cin/dflt/DSET00008864/src",
"LN_ATRPY_EXMP_RSTYP_DIM":"insight/cin/dflt/DSET00008865/src",
"LN_DP_FNDS_STYP_DIM":"insight/cin/dflt/DSET00008866/src",
"FILE_IMP_ERR_TYP_DIM":"insight/cin/dflt/DSET00008867/src",
"LN_CRTN_TYP_DIM":"insight/cin/dflt/DSET00008868/src",
"LN_CLSNG_ADJM_ITM_TYP_DIM":"insight/cin/dflt/DSET00008869/src",
"LN_CC_PROTN_ITM_TYP_DIM":"insight/cin/dflt/DSET00008870/src",
"PROP_PROJ_CLSFN_ID_TYP_DIM":"insight/cin/dflt/DSET00008871/src",
"LN_FINDG_MSG_DIM":"insight/cin/dflt/DSET00008872/src",
"PROP_ADR_CNTY_DIM":"insight/cin/dflt/DSET00008873/src",
"LN_CC_FNDS_STYP_DIM":"insight/cin/dflt/DSET00008874/src",
"BRWR_TXPYR_ID_TYP_DIM":"insight/cin/dflt/DSET00008875/src",
"BRWR_GRP_CS_SELN_MTHD_TYP_DIM":"insight/cin/dflt/DSET00008876/src",
"LN_REFI_PRIM_PURPS_TYP_DIM":"insight/cin/dflt/DSET00008877/src",
"LN_DW_PMT_FNDS_TYP_DIM":"insight/cin/dflt/DSET00008878/src",
"LN_SMSS_TYP_DIM":"insight/cin/dflt/DSET00008879/src",
"MTG_INSR_CO_NME_TYP_DIM":"insight/cin/dflt/DSET00008880/src",
"MBS_POOL_SMSS_STAT_TYP_DIM":"insight/cin/dflt/DSET00008881/src",
"LN_AMRT_TYP_DIM":"insight/cin/dflt/DSET00008882/src",
"LN_AUTOD_UWRG_RCMN_TYP_DIM":"insight/cin/dflt/DSET00008883/src",
"MBS_DRVD_POOL_STAT_TYP_DIM":"insight/cin/dflt/DSET00008884/src",
"FNCL_IDX_TYP_DIM":"insight/cin/dflt/DSET00008885/src",
"LN_CASH_DLRY_MTG_TYP_DIM":"insight/cin/dflt/DSET00008886/src",
"MBS_STRC_TYP_DIM":"insight/cin/dflt/DSET00008887/src",
"MBS_AMRT_TYP_DIM":"insight/cin/dflt/DSET00008888/src",
"LN_IVSR_COLT_PGM_TYP_DIM":"insight/cin/dflt/DSET00008889/src",
"LN_INT_RT_RNDG_TYP_DIM":"insight/cin/dflt/DSET00008890/src",
"LN_PURPS_TYP_DIM":"insight/cin/dflt/DSET00008891/src",
"LN_RMTT_TYP_DIM":"insight/cin/dflt/DSET00008892/src",
"PROP_USG_TYP_DIM":"insight/cin/dflt/DSET00008893/src",
"PRTY_LGL_ENTY_TYP_DIM":"insight/cin/dflt/DSET00008894/src",
"MBS_GRTR_TYP_DIM":"insight/cin/dflt/DSET00008895/src",
"FILE_PREPR_DIM":"insight/cin/dflt/DSET00008896/src",
"PRTY_CFILE_ACCS_STTYP_DIM":"insight/cin/dflt/DSET00008897/src",
"PRTY_RLSP_STAT_TYP_DIM":"insight/cin/dflt/DSET00008898/src",
"LN_NGTV_AMRT_TYP_DIM":"insight/cin/dflt/DSET00008899/src",
"LN_LIEN_PRRY_TYP_DIM":"insight/cin/dflt/DSET00008900/src",
"GEO_LADR_UNT_DNTR_TYP_DIM":"insight/cin/dflt/DSET00008901/src",
"LN_MI_PCNCLN_RSTYP_DIM":"insight/cin/dflt/DSET00008902/src",
"LN_AUS_SBSYS_TYP_DIM":"insight/cin/dflt/DSET00008903/src",
"LN_MTRY_PRD_TYP_DIM":"insight/cin/dflt/DSET00008904/src",
"LN_CSTN_LN_TYP_DIM":"insight/cin/dflt/DSET00008905/src",
"CASH_DINS_PYE_CD_LKUP":"insight/cin/dflt/DSET00008906/src",
"DATA_ENRCHMT_FINDG_LKUP":"insight/cin/dflt/DSET00008907/src",
"LN_ARM_PLAN_REF":"insight/cin/dflt/DSET00008908/src",
"LN_DVS_FICO_MTRX_REF":"insight/cin/dflt/DSET00008909/src",
"LN_DVS_LTV_MTRX_REF":"insight/cin/dflt/DSET00008910/src",
"SELR_SRVR_REF":"insight/cin/dflt/DSET00008911/src",
"DOC_CSTDN_REF":"insight/cin/dflt/DSET00008912/src",
"FILE_PREPR_STGG":"insight/cin/dflt/DSET00008896/src",
"LN_STGG":"insight/crs/dflt/DSET00008682/src",
"TRAN_TXT_STGG":"insight/cin/dflt/DSET00008820/src",
"LN_PROP_ENRCHMT_STGG":"insight/crs/dflt/DSET00008807/src",
"DLRY_DL_ELIG_ED_STGG":"insight/cin/dflt/DSET00008698/src",
"DLRY_DL_ELIG_ERR_STGG":"insight/cin/dflt/DSET00008699/src",
"DLRY_DL_ELIG_STGG":"insight/cin/dflt/DSET00008700/src",
"DLRY_DL_IMP_ERR_STGG":"insight/cin/dflt/DSET00008701/src",
"DLRY_DL_IMP_STGG":"insight/cin/dflt/DSET00008702/src",
"DLRY_DLSET_ELIG_CLCD_VAL_STGG":"insight/cin/dflt/DSET00008705/src",
"DLRY_DLSET_ELIG_ED_STGG":"insight/cin/dflt/DSET00008707/src",
"DLRY_DLSET_ELIG_ERR_STGG":"insight/cin/dflt/DSET00008708/src",
"DLRY_DLSET_ELIG_STGG":"insight/cin/dflt/DSET00008709/src",
"DLRY_FILE_ELIG_ERR_STGG":"insight/cin/dflt/DSET00008712/src",
"DLRY_DLSET_IMP_ERR_STGG":"insight/cin/dflt/DSET00008710/src",
"DLRY_DLSET_IMP_STGG":"insight/cin/dflt/DSET00008711/src",
"DLRY_FILE_IMP_ERR_STGG":"insight/cin/dflt/DSET00008713/src",
"DLRY_DL_BRWR_CLCD_VAL_STGG":"insight/cin/dflt/DSET00008691/src",
"DLRY_DL_ELIG_CLCD_VAL_STGG":"insight/cin/dflt/DSET00008696/src",
"DLRY_FILE_IMP_STGG":"insight/cin/dflt/DSET00008714/src",
"RL_ED_TYP_STGG":"insight/cin/dflt/DSET00008859/src",
"BRWR_RACE_DSGNTN_STGG":"insight/cin/dflt/DSET00008990/src",
"CASH_ADVANCE_LLPA_STGG":"insight/cin/dflt/DSET00008991/src",
"CASH_ADVANCE_STGG":"insight/crs/dflt/DSET00008992/src",
"LN_CRTFN_REJN_STGG":"insight/cin/dflt/DSET00008993/src",
"LN_DEL_STGG":"insight/cin/dflt/DSET00008994/src",
"LN_DLRY_AUTOD_POOL_NO_STGG":"insight/cin/dflt/DSET00008995/src",
"LN_DLRY_DU_CASE_DTL_STGG":"insight/chr/dflt/DSET00008996/src",
"LN_DLRY_ED_MGMT_STGG":"insight/cin/dflt/DSET00008997/src",
"LN_DLRY_POOL_WRG_INSC_STGG":"insight/crs/dflt/DSET00008998/src",
"LN_DLRY_STDZ_ADR_DTL_STGG":"insight/crs/dflt/DSET00008999/src",
"LN_DLRY_WRG_INSC_STGG":"insight/crs/dflt/DSET00009500/src",
"LN_ERL_FNDG_STGG":"insight/cin/dflt/DSET00009501/src",
"LN_KEY_BRWR_SWAP_STGG":"insight/cin/dflt/DSET00009502/src",
"LN_NDC_DTL_SAMPG_STGG":"insight/crs/dflt/DSET00009503/src",
"MBS_PIECE_CLPSD_HIST_STGG":"insight/cin/dflt/DSET00009504/src",
"MBS_POOL_ADD_LN_FFC_STGG":"insight/cin/dflt/DSET00009505/src",
"MBS_POOL_ADD_LN_SFC_STGG":"insight/cin/dflt/DSET00009506/src",
"MBS_POOL_ADD_LN_STGG":"insight/crs/dflt/DSET00009507/src",
"MBS_POOL_CHG_LN_STGG":"insight/cin/dflt/DSET00009508/src",
"MBS_POOL_CLSNG_DTL_STGG":"insight/crs/dflt/DSET00009509/src",
"MBS_POOL_DEL_LN_STGG":"insight/cin/dflt/DSET00009510/src",
"MBS_POOL_DEL_STGG":"insight/cin/dflt/DSET00009511/src",
"MBS_POOL_ED_DEL_STGG":"insight/cin/dflt/DSET00009512/src",
"MBS_POOL_ED_ERR_STGG":"insight/cin/dflt/DSET00009513/src",
"MBS_POOL_ED_STAT_STGG":"insight/crs/dflt/DSET00009514/src",
"MBS_POOL_STLM_DTL_STGG":"insight/cin/dflt/DSET00009516/src",															 
"MBS_POOL_XTRC_DTL_STGG":"insight/crs/dflt/DSET00009515/src",
"LN_SRVC_IND_STGG":"insight/cin/dflt/DSET00009517/src",
"TMP_PROP_STGG":"insight/cin/dflt/DSET00009518/src"
}

